{"cameraMode":{"drawMode":0,"name":"Shaded","section":"Shading Mode"},"sceneLighting":true,"audioPlay":false,"sceneViewState":{"showFog":true,"showMaterialUpdate":true,"showSkybox":false,"showFlares":true,"showImageEffects":true,"showParticleSystems":true},"in2DMode":false,"pivot":{"x":-97.48957824707031,"y":12.587299346923829,"z":-192.94680786132813},"rotation":{"x":0.0012654677266255022,"y":0.7149089574813843,"z":-0.0012936335988342763,"w":0.6992152333259583},"size":1.5283877849578858,"orthographic":true}